,0_RfR 0,0_RfR 1,0_RfR 2,1_RfR 0,1_RfR 1,1_RfR 2,2_RfR 0,2_RfR 1,2_RfR 2,A.0_ID flood wave shape,A.1_Bmax,A.1_Brate,A.1_DikeIncrease 0,A.1_DikeIncrease 1,A.1_DikeIncrease 2,A.1_pfail,A.2_Bmax,A.2_Brate,A.2_DikeIncrease 0,A.2_DikeIncrease 1,A.2_DikeIncrease 2,A.2_pfail,A.3_Bmax,A.3_Brate,A.3_DikeIncrease 0,A.3_DikeIncrease 1,A.3_DikeIncrease 2,A.3_pfail,A.4_Bmax,A.4_Brate,A.4_pfail,A.5_Bmax,A.5_Brate,A.5_pfail,discount rate 0,discount rate 1,discount rate 2
0,1.0,0.0,1.0,1.0,0.0,0.0,0.0,0.0,1.0,23.0,313.1820290064035,10.0,7.0,1.0,6.0,0.9872990607082522,39.62684842673399,10.0,0.0,3.0,4.0,0.0028632702417353373,183.24085218724545,1.0,2.0,6.0,6.0,0.7479190813289855,70.65551150364121,1.5,0.8704588494473585,236.96631710418785,10.0,0.3315000871913685,4.5,4.5,1.5
1,1.0,1.0,1.0,0.0,0.0,1.0,1.0,1.0,1.0,6.0,346.5259702783617,1.5,7.0,2.0,6.0,0.6726274150196698,164.70699512685698,1.0,4.0,3.0,2.0,0.79940454904015,318.85748277997317,1.5,5.0,3.0,9.0,0.7636139079203065,227.01896644603596,10.0,0.8441407012946192,328.741328755144,1.0,0.2873025066992792,2.5,3.5,2.5
2,1.0,1.0,0.0,0.0,1.0,0.0,1.0,1.0,1.0,119.0,168.70135608733688,1.0,5.0,8.0,8.0,0.971094161220338,295.56122556738615,1.0,1.0,7.0,4.0,0.7398743154875792,179.65478864107877,1.5,7.0,9.0,4.0,0.6966354491066618,220.93867477036517,1.0,0.5845904700783247,313.77901393076615,1.0,0.07050327918060044,2.5,1.5,3.5
3,0.0,0.0,1.0,0.0,0.0,0.0,0.0,1.0,1.0,109.0,210.56871690991417,10.0,2.0,0.0,2.0,0.6498237275165522,253.4478169378312,1.0,0.0,1.0,5.0,0.04620065973593821,345.65749676655264,1.0,5.0,7.0,10.0,0.8726260014220171,66.65310430903713,1.0,0.07253037509847025,189.97709180305148,10.0,0.7495734799474286,4.5,1.5,4.5
4,1.0,0.0,0.0,1.0,1.0,1.0,1.0,0.0,0.0,81.0,271.9680540238241,10.0,0.0,2.0,0.0,0.2254730251153881,117.27976590429078,10.0,9.0,2.0,10.0,0.3314005221530549,78.2934599585461,10.0,8.0,9.0,6.0,0.7820652605191,304.6562614495119,10.0,0.034220455816002644,270.3171519650561,10.0,0.4957975824691399,4.5,2.5,1.5
5,0.0,1.0,0.0,0.0,1.0,1.0,0.0,0.0,1.0,33.0,63.8277807070173,1.5,2.0,7.0,10.0,0.2459787790023054,38.56159018793178,1.5,9.0,5.0,4.0,0.4259206849422788,229.41645587482273,1.0,5.0,5.0,0.0,0.3876986515368432,164.75448157896682,10.0,0.03525721247979464,30.6830112490526,1.0,0.4392029949386981,1.5,1.5,1.5
