3_RfR 0,3_RfR 1,3_RfR 2,4_RfR 0,4_RfR 1,4_RfR 2,EWS_DaysToThreat,A.4_DikeIncrease 0,A.4_DikeIncrease 1,A.4_DikeIncrease 2,A.5_DikeIncrease 0,A.5_DikeIncrease 1,A.5_DikeIncrease 2,Gorssel Expected Annual Damage,Gorssel Expected Number of Deaths,Gorssel Total Costs
0,0,0,1,1,1,2,3,0,0,6,1,4,0.0,0.0,8453407.696608048
0,0,0,1,1,1,1,1,0,0,6,6,4,4127710.446651063,0.0008922778596723961,6320976.0733546205
0,0,0,1,1,1,2,0,0,0,2,7,4,7042495.371841172,0.0006132382780273079,508.844739551416
0,0,0,1,1,1,0,2,0,0,5,1,9,1555551.0522918992,0.0009860036180590014,7332080.219521779
