3_RfR 0,3_RfR 1,3_RfR 2,4_RfR 0,4_RfR 1,4_RfR 2,EWS_DaysToThreat,A.4_DikeIncrease 0,A.4_DikeIncrease 1,A.4_DikeIncrease 2,A.5_DikeIncrease 0,A.5_DikeIncrease 1,A.5_DikeIncrease 2,Gorssel Expected Annual Damage,Gorssel Expected Number of Deaths,Gorssel Total Costs
0,0,0,1,1,1,0,7,0,0,1,1,7,1075124.2318001897,0.00044558843101775823,14261651.781499248
0,0,0,1,1,1,2,5,0,0,7,7,3,10466042.441358505,0.0005961077050349842,11069216.550227651
0,0,0,1,1,1,3,0,0,0,4,3,7,141237707.4221862,0.005083399747767538,8343.146089394913
0,0,0,1,1,1,1,6,0,0,2,2,4,5332916.077557291,0.0007579203300243434,12586590.46296634
0,0,0,1,1,1,3,8,0,0,2,5,3,0.0,0.0,16108916.742160894
0,0,0,1,1,1,2,4,0,0,3,6,3,17912979.529433455,0.0009782014081031192,9695979.816926505
0,0,0,1,1,1,3,3,0,0,3,2,3,65223821.096174486,0.002631890217381693,8457109.03837365
0,0,0,1,1,1,3,2,0,0,6,0,3,89358896.67614956,0.003498206359705532,7337211.264259554
0,0,0,1,1,1,3,1,0,0,2,4,7,119288717.7132459,0.004486901632792689,6327747.270818145
