,hypervolume,epsilon_progress,nfe
0,0.0,0,0
1,0.3959898602855443,7,100
2,0.4195904084745936,8,300
3,0.44524367425473677,12,500
4,0.45715110617402593,14,799
5,0.4658956553193666,20,1095
6,0.46603029234371784,24,1387
7,0.4663793583180038,30,1678
8,0.4662890707876572,40,1961
9,0.4662900278265122,42,2232
10,0.46591720715942203,44,2500
11,0.46591720715942203,44,2764
