,hypervolume,epsilon_progress,nfe
0,0.0,0,0
1,0.49659472613302647,3,100
2,0.6291116262903267,6,397
3,0.6291116262903267,6,597
4,0.6350430636137847,9,892
5,0.648814987662464,12,1185
6,0.6527713665235015,13,1477
7,0.6527726687066779,15,1757
8,0.6527726687066779,15,2019
9,0.6527726687066779,15,2241
10,0.6527726687066779,15,2481
11,0.6527726687066779,15,2738
12,0.6527726687066779,15,2991
