hypervolume,epsilon_progress,nfe
0.0,0,0
0.9963096845654599,8,100
0.9999018489939623,13,398
0.9999819882127211,16,694
1.0,17,894
1.0,17,1094
1.0,17,1389
1.0,17,1686
1.0,17,1982
1.0,17,2280
1.0,17,2579
1.0,17,2874
1.0,17,3172
1.0,17,3372
1.0,17,3670
1.0,17,3870
