hypervolume,epsilon_progress,nfe,scenario
0.0,0,0,best
0.49659472613302647,3,100,best
0.6291116262903267,6,397,best
0.6291116262903267,6,597,best
0.6350430636137847,9,892,best
0.648814987662464,12,1185,best
0.6527713665235015,13,1477,best
0.6527726687066779,15,1757,best
0.6527726687066779,15,2019,best
0.6527726687066779,15,2241,best
0.6527726687066779,15,2481,best
0.6527726687066779,15,2738,best
0.6527726687066779,15,2991,best
