hypervolume,epsilon_progress,nfe
0.0,0,0
0.9942840894893833,7,100
0.9995378693260737,13,397
1.0,18,693
1.0,18,991
1.0,18,1286
1.0,18,1580
1.0,18,1874
1.0,18,2166
1.0,18,2457
1.0,18,2752
1.0,18,3047
1.0,18,3339
1.0,18,3632
1.0,18,3926
