hypervolume,epsilon_progress,nfe
0.0,0,0
0.34150543026996166,5,100
0.3710020929896761,10,399
0.38951292183191144,13,698
0.405744827453756,18,997
0.41849926209069227,22,1295
0.4224663496456725,24,1495
0.42253129931027567,30,1787
0.4263063770853769,33,2059
0.4261861057633771,37,2324
0.426152058082764,40,2595
0.4258076582865459,41,2861
0.42580554980052715,42,3136
0.42580554980052715,42,3413
0.42580554980052715,42,3677
0.42580554980052715,42,3947
