hypervolume,epsilon_progress,nfe,scenario
0.0,0,0,middle
0.3959898602855443,7,100,middle
0.4195904084745936,8,300,middle
0.44524367425473677,12,500,middle
0.45715110617402593,14,799,middle
0.4658956553193666,20,1095,middle
0.46603029234371784,24,1387,middle
0.4663793583180038,30,1678,middle
0.4662890707876572,40,1961,middle
0.4662900278265122,42,2232,middle
0.46591720715942203,44,2500,middle
0.46591720715942203,44,2764,middle
