hypervolume,epsilon_progress,nfe,scenario
0.0,0,0,worst
0.10139445352627804,5,100,worst
0.18406010900582892,11,300,worst
0.21283052508277714,18,599,worst
0.22653523716901586,22,799,worst
0.23589132422556047,26,1097,worst
0.24259044284915382,31,1396,worst
0.2496467108954772,42,1685,worst
0.2499343267481924,51,1969,worst
0.2496238663568908,57,2246,worst
0.24964578182792757,58,2517,worst
0.24964586782856435,59,2787,worst
