3_RfR 0,3_RfR 1,3_RfR 2,4_RfR 0,4_RfR 1,4_RfR 2,EWS_DaysToThreat,A.4_DikeIncrease 0,A.4_DikeIncrease 1,A.4_DikeIncrease 2,A.5_DikeIncrease 0,A.5_DikeIncrease 1,A.5_DikeIncrease 2,Gorssel Expected Annual Damage,Gorssel Expected Number of Deaths,Gorssel Budget Overrun
0,0,0,1,1,1,3,4,0,0,8,6,3,21285571.714714058,0.0009462642629189559,0.0
0,0,0,1,0,1,1,9,0,0,7,0,0,0.0,0.0,8144080.0
0,0,0,1,1,1,0,6,0,0,4,7,2,7005120.477475894,0.002881355163788742,2586457.0
0,0,0,1,1,1,0,7,0,0,3,7,2,3398079.1398583753,0.0014890513764417865,4261651.0
0,0,0,1,1,1,0,5,0,0,1,4,0,16014093.054154733,0.006109461672809546,1068771.0
