3_RfR 0,3_RfR 1,3_RfR 2,4_RfR 0,4_RfR 1,4_RfR 2,EWS_DaysToThreat,A.4_DikeIncrease 0,A.4_DikeIncrease 1,A.4_DikeIncrease 2,A.5_DikeIncrease 0,A.5_DikeIncrease 1,A.5_DikeIncrease 2,Gorssel Expected Annual Damage,Gorssel Expected Number of Deaths,Gorssel Budget Overrun
0,0,0,1,1,1,3,4,0,0,7,2,6,18775359.04384599,0.001087975549199316,0.0
0,0,0,0,1,1,2,9,0,0,2,6,2,0.0,0.0,8144080.0
0,0,0,1,1,1,0,7,0,0,7,2,6,2593187.0612879423,0.001503728849949239,4261651.0
0,0,0,1,1,1,0,5,0,0,4,10,2,12192622.820060883,0.006153884105761051,1068771.0
0,0,0,1,1,1,0,6,0,0,6,2,6,5337280.490351561,0.002904117754999923,2586457.0
