,3_RfR 0,3_RfR 1,3_RfR 2,4_RfR 0,4_RfR 1,4_RfR 2,EWS_DaysToThreat,A.4_DikeIncrease 0,A.4_DikeIncrease 1,A.4_DikeIncrease 2,A.5_DikeIncrease 0,A.5_DikeIncrease 1,A.5_DikeIncrease 2,Gorssel Expected Annual Damage,Gorssel Expected Number of Deaths,Total Costs of Policies
0,0,0,0,0,0,0,0,5,0,0,0,0,0,0.0,0.0,1012624267.1303135
1,0,0,0,0,0,0,0,2,0,0,0,0,0,4569856.458828349,0.003032617223516933,1008887575.663581
2,0,0,0,0,0,0,0,4,0,0,0,0,0,148566.90855490707,0.0001027422890706194,1011250690.8062242
3,0,0,0,0,0,0,0,3,0,0,0,0,0,1345190.308567319,0.0009193733014178245,1010008903.1406671
4,0,0,0,0,0,0,0,1,0,0,0,0,0,11037906.87961553,0.00694377858672582,1007876295.7537254
5,0,0,0,0,0,0,0,0,0,0,0,0,0,19902091.166355945,0.011791303012316012,1001555495.4440591
