discount rate 0,discount rate 1,discount rate 2,A.0_ID flood wave shape,A.1_Bmax,A.1_pfail,A.1_Brate,A.2_Bmax,A.2_pfail,A.2_Brate,A.3_Bmax,A.3_pfail,A.3_Brate,A.4_Bmax,A.4_pfail,A.4_Brate,A.5_Bmax,A.5_pfail,A.5_Brate,0_RfR 0,0_RfR 1,0_RfR 2,1_RfR 0,1_RfR 1,1_RfR 2,2_RfR 0,2_RfR 1,2_RfR 2,A.1_DikeIncrease 0,A.1_DikeIncrease 1,A.1_DikeIncrease 2,A.2_DikeIncrease 0,A.2_DikeIncrease 1,A.2_DikeIncrease 2,A.3_DikeIncrease 0,A.3_DikeIncrease 1,A.3_DikeIncrease 2
3.5,3.5,2.5,82.0,108.79693335516028,0.1750970801445687,1.0,274.64968796314594,0.5464714598857175,10.0,161.29283352380406,0.7787949886481965,10.0,97.3854325823035,0.4949327949222047,1.5,91.23026929718236,0.5760322703803629,1.5,0.0,1.0,1.0,0.0,1.0,0.0,0.0,1.0,1.0,5.0,5.0,3.0,8.0,1.0,10.0,7.0,5.0,4.0
3.5,4.5,1.5,48.0,195.38931700984452,0.0806800410818199,1.0,52.53730538994975,0.6767867347552055,1.0,284.8149623462614,0.3049868557479823,1.0,258.3277098855226,0.9277659414044332,10.0,77.89110765845456,0.9221707258593868,1.5,0.0,0.0,0.0,1.0,0.0,0.0,1.0,0.0,1.0,2.0,0.0,1.0,9.0,5.0,8.0,1.0,6.0,0.0
3.5,3.5,2.5,74.0,190.531230454454,0.9323640740212508,10.0,267.18058977436226,0.9451911443779336,10.0,85.27454788579612,0.7867957403136262,10.0,58.15511964830981,0.1012876450155439,10.0,320.51608861065216,0.4230617669661339,1.5,1.0,1.0,1.0,1.0,1.0,0.0,1.0,0.0,1.0,4.0,9.0,10.0,3.0,3.0,7.0,3.0,7.0,6.0
