discount rate 0,discount rate 1,discount rate 2,A.0_ID flood wave shape,A.1_Bmax,A.1_pfail,A.1_Brate,A.2_Bmax,A.2_pfail,A.2_Brate,A.3_Bmax,A.3_pfail,A.3_Brate,A.4_Bmax,A.4_pfail,A.4_Brate,A.5_Bmax,A.5_pfail,A.5_Brate,0_RfR 0,0_RfR 1,0_RfR 2,1_RfR 0,1_RfR 1,1_RfR 2,2_RfR 0,2_RfR 1,2_RfR 2,A.1_DikeIncrease 0,A.1_DikeIncrease 1,A.1_DikeIncrease 2,A.2_DikeIncrease 0,A.2_DikeIncrease 1,A.2_DikeIncrease 2,A.3_DikeIncrease 0,A.3_DikeIncrease 1,A.3_DikeIncrease 2
4.5,4.5,1.5,23.0,313.1820290064035,0.9872990607082522,10.0,39.62684842673399,0.0028632702417353373,10.0,183.24085218724545,0.7479190813289855,1.0,70.65551150364121,0.8704588494473585,1.5,236.96631710418785,0.3315000871913685,10.0,1.0,0.0,1.0,1.0,0.0,0.0,0.0,0.0,1.0,7.0,1.0,6.0,0.0,3.0,4.0,2.0,6.0,6.0
1.5,4.5,1.5,88.0,155.90331233339018,0.057286939592313985,1.5,246.16349003841609,0.5312744592044012,10.0,148.2190957780591,0.07196137496848176,1.0,154.54063501022156,0.7737317024816018,1.0,296.93055565691014,0.005773330044212918,1.5,0.0,0.0,1.0,1.0,1.0,0.0,0.0,0.0,1.0,1.0,8.0,3.0,6.0,2.0,6.0,6.0,8.0,9.0
4.5,3.5,2.5,78.0,50.37289578073629,0.4161873405962975,1.0,65.48503508548282,0.0820577474518977,10.0,251.01127901161044,0.27226953969762063,10.0,145.4170258405471,0.4962947385362939,1.0,92.96507303891168,0.28144328300825755,1.5,0.0,1.0,1.0,0.0,0.0,1.0,1.0,1.0,0.0,9.0,3.0,2.0,5.0,3.0,6.0,5.0,4.0,4.0
4.5,2.5,2.5,119.0,328.90993158824864,0.6745084050716073,10.0,190.02878949006612,0.2687553050022462,1.5,199.87464897559482,0.3145566844025004,1.0,266.072745427176,0.29759736130045644,10.0,323.982445683614,0.2471822460689723,1.5,1.0,0.0,0.0,1.0,1.0,0.0,1.0,1.0,1.0,4.0,5.0,1.0,3.0,0.0,5.0,2.0,4.0,5.0
4.5,2.5,1.5,81.0,271.9680540238241,0.2254730251153881,10.0,117.27976590429078,0.3314005221530549,10.0,78.2934599585461,0.7820652605191,10.0,304.6562614495119,0.034220455816002644,10.0,270.3171519650561,0.4957975824691399,10.0,1.0,0.0,0.0,1.0,1.0,1.0,1.0,0.0,0.0,0.0,2.0,0.0,9.0,2.0,10.0,8.0,9.0,6.0
1.5,1.5,1.5,33.0,63.8277807070173,0.2459787790023054,1.5,38.56159018793178,0.4259206849422788,1.5,229.41645587482273,0.3876986515368432,1.0,164.75448157896682,0.03525721247979464,10.0,30.6830112490526,0.4392029949386981,1.0,0.0,1.0,0.0,0.0,1.0,1.0,0.0,0.0,1.0,2.0,7.0,10.0,9.0,5.0,4.0,5.0,5.0,0.0
