hypervolume,epsilon_progress,nfe
0.0,0,0
0.8936693466462127,9,100
0.9166538383726678,14,399
0.9550232431390765,21,696
0.9645556290214085,29,995
0.9826231142825214,42,1286
0.9893943451369716,59,1572
0.9909041531748057,77,1860
0.9955524925053962,84,2150
0.9955945455911535,90,2440
0.9955693322654997,93,2720
0.995563829983927,94,3006
0.995563829983927,94,3284
0.995563829983927,94,3569
0.995563829983927,94,3839
0.995563829983927,94,4115
