hypervolume,epsilon_progress,nfe
0.0,0,0
0.8985040891788253,5,100
0.9369988251611859,10,396
0.9731193448864972,17,693
0.9792033305170836,21,893
0.988255018681212,30,1190
0.9946730873779506,43,1485
0.9953834783729862,55,1777
0.995409488465453,60,2064
0.9954066835047736,61,2346
0.9954066835047736,61,2614
0.9953930403160683,62,2891
0.9953930403160683,62,3166
0.9953930403160683,62,3439
0.9953930403160683,62,3707
0.9953930403160683,62,3974
0.9953930403160683,62,4234
