hypervolume,epsilon_progress,nfe
0.0,0,0
0.7699365265555036,4,100
0.9250721688829022,6,300
0.9598920802184279,7,500
0.9729649886608946,8,795
0.9903749811423874,11,1092
0.9936242780699811,12,1385
1.0,14,1662
1.0,14,1923
