hypervolume,epsilon_progress,nfe
0.0,0,0
0.8799354379587452,4,100
0.9509913777212274,7,399
0.9594372005727583,8,698
0.9915693953372477,11,993
0.9945036519046381,12,1288
1.0,13,1581
1.0,13,1857
1.0,13,2086
1.0,13,2318
1.0,13,2538
1.0,13,2751
1.0,13,2973
1.0,13,3197
1.0,13,3428
1.0,13,3659
1.0,13,3903
1.0,13,4146
1.0,13,4371
1.0,13,4600
1.0,13,4835
1.0,13,5069
1.0,13,5306
1.0,13,5533
1.0,13,5769
1.0,13,5999
1.0,13,6233
1.0,13,6470
