3_RfR 0,3_RfR 1,3_RfR 2,4_RfR 0,4_RfR 1,4_RfR 2,EWS_DaysToThreat,A.4_DikeIncrease 0,A.4_DikeIncrease 1,A.4_DikeIncrease 2,A.5_DikeIncrease 0,A.5_DikeIncrease 1,A.5_DikeIncrease 2,Gorssel and Deventer Expected Annual Damage,Gorssel and Deventer Expected Number of Deaths,Total Costs of Policies
0,0,0,0,0,0,3,3,0,0,3,0,0,0.0,0.0,681168059.9293379
0,0,0,0,0,0,0,0,0,0,0,0,0,20566643.564917106,0.0182108787390938,642363126.1903499
0,0,0,0,0,0,0,0,0,0,1,0,0,8556384.591454107,0.005679170419869902,667400340.2765237
0,0,0,0,0,0,0,2,0,0,3,0,0,1063041.9413946958,0.0007238306575486411,680046732.4522517
0,0,0,0,0,0,0,2,0,0,2,0,0,2690905.9113261728,0.0024427369019970175,677273436.3775269
