3_RfR 0,3_RfR 1,3_RfR 2,4_RfR 0,4_RfR 1,4_RfR 2,EWS_DaysToThreat,A.4_DikeIncrease 0,A.4_DikeIncrease 1,A.4_DikeIncrease 2,A.5_DikeIncrease 0,A.5_DikeIncrease 1,A.5_DikeIncrease 2,Gorssel and Deventer Expected Annual Damage,Gorssel and Deventer Expected Number of Deaths,Gorssel and Deventer Total Costs
0,0,0,0,0,0,3,5,0,0,5,0,0,0.0,0.0,47745447.52654895
0,0,0,0,0,0,0,3,0,0,4,0,0,5866897.483537685,0.00417713911855677,41830524.25380514
0,0,0,0,0,0,1,1,0,0,1,0,0,39509502.35950475,0.008661214799018106,31359782.13266731
0,0,0,0,0,0,0,2,0,0,3,0,0,11155513.928025799,0.007595358810335827,37683606.26190176
0,0,0,0,0,0,0,4,0,0,4,0,0,4372546.590062802,0.0038027072875218663,43072311.91936214
0,0,0,0,0,0,0,4,0,0,5,0,0,2614273.562024681,0.0018719926076157841,46371871.202459544
0,0,0,0,0,0,1,2,0,0,2,0,0,18612879.629058614,0.0058489687556896215,34911056.60518326
0,0,0,0,0,0,2,0,0,0,0,0,0,52181434.08417031,0.0046835314556547955,3916.8113819134264
