3_RfR 0,3_RfR 1,3_RfR 2,4_RfR 0,4_RfR 1,4_RfR 2,EWS_DaysToThreat,A.4_DikeIncrease 0,A.4_DikeIncrease 1,A.4_DikeIncrease 2,A.5_DikeIncrease 0,A.5_DikeIncrease 1,A.5_DikeIncrease 2,Gorssel and Deventer Expected Annual Damage,Gorssel and Deventer Expected Number of Deaths,Gorssel and Deventer Total Costs
0,0,0,0,0,0,0,2,0,0,3,0,0,8035010.594166339,0.004552144511438661,37683606.26190176
0,0,0,0,0,0,0,4,0,0,3,0,0,1127512.9560147924,0.000678347701341279,40046721.40454503
0,0,0,0,0,0,2,5,0,0,5,0,0,0.0,0.0,47745447.52654895
0,0,0,0,0,0,1,1,0,0,1,0,0,23936026.035032943,0.005746218887201832,31358761.58362439
0,0,0,0,0,0,0,5,0,0,4,0,0,719290.872480092,0.0006751773447697384,44445888.24345155
0,0,0,0,0,0,0,3,0,0,3,0,0,2936966.559289103,0.0017312625500854226,38804933.73898803
0,0,0,0,0,0,2,0,0,0,0,0,0,65517704.73487104,0.005150211600747439,3738.1743506208427
0,0,0,0,0,0,2,0,0,0,1,0,0,58572111.07364701,0.004203795077002041,25040604.739252813
0,0,0,0,0,0,0,1,0,0,2,0,0,15756255.446177948,0.008484788118955153,33899030.27732149
