3_RfR 0,3_RfR 1,3_RfR 2,4_RfR 0,4_RfR 1,4_RfR 2,EWS_DaysToThreat,A.4_DikeIncrease 0,A.4_DikeIncrease 1,A.4_DikeIncrease 2,A.5_DikeIncrease 0,A.5_DikeIncrease 1,A.5_DikeIncrease 2,Gorssel and Deventer Expected Annual Damage,Gorssel and Deventer Expected Number of Deaths,Gorssel and Deventer Total Costs
0,0,0,0,0,0,3,1,0,0,6,0,0,0.0,0.0,46594472.69339025
0,0,0,0,0,0,3,0,0,0,0,0,0,263227273.4409302,0.02703060730835363,15750.321037196947
0,0,0,0,0,0,0,0,0,0,6,0,0,1274111.6287719668,0.0007200197920414956,40273672.383724004
0,0,0,0,0,0,3,0,0,0,1,0,0,167082312.57279426,0.017327070618941398,25047113.54771917
0,0,0,0,0,0,0,0,0,0,5,0,0,4320639.55316054,0.0034088062877791316,36676675.840294495
0,0,0,0,0,0,3,1,0,0,0,0,0,262470732.98649943,0.027001844324119232,6336506.522638468
0,0,0,0,0,0,2,0,0,0,3,0,0,70505444.58491912,0.009203549721125092,30354857.42545679
0,0,0,0,0,0,2,0,0,0,2,0,0,109567208.51348048,0.014278859158078241,27583425.25425408
0,0,0,0,0,0,1,0,0,0,4,0,0,30020449.814759556,0.00936650719226327,33377967.11244842
