discount rate 0,discount rate 1,discount rate 2,A.0_ID flood wave shape,A.1_Bmax,A.1_pfail,A.1_Brate,A.2_Bmax,A.2_pfail,A.2_Brate,A.3_Bmax,A.3_pfail,A.3_Brate,A.4_Bmax,A.4_pfail,A.4_Brate,A.5_Bmax,A.5_pfail,A.5_Brate,0_RfR 0,0_RfR 1,0_RfR 2,1_RfR 0,1_RfR 1,1_RfR 2,2_RfR 0,2_RfR 1,2_RfR 2,A.1_DikeIncrease 0,A.1_DikeIncrease 1,A.1_DikeIncrease 2,A.2_DikeIncrease 0,A.2_DikeIncrease 1,A.2_DikeIncrease 2,A.3_DikeIncrease 0,A.3_DikeIncrease 1,A.3_DikeIncrease 2
3.5,3.5,2.5,17.0,169.37876656396145,0.1064198644034804,1.5,285.72389690801674,0.752949003456656,1.5,319.0549013769785,0.0750756451378295,10.0,276.47064782865414,0.0219425987757396,1.5,294.35588595465254,0.1022396418891336,1.5,1.0,1.0,1.0,1.0,0.0,0.0,1.0,1.0,1.0,5.0,3.0,1.0,4.0,6.0,3.0,7.0,1.0,3.0
2.5,3.5,3.5,35.0,174.09148760092657,0.0854869103572562,1.5,312.22936442807986,0.2819512945211698,10.0,333.7622916238014,0.8768979510026407,1.0,77.16350792037427,0.7447962290627034,1.5,290.9205749585534,0.9220098621639954,10.0,0.0,1.0,1.0,0.0,0.0,0.0,1.0,1.0,0.0,7.0,1.0,3.0,5.0,2.0,3.0,9.0,0.0,4.0
2.5,3.5,2.5,2.0,184.5675487638939,0.3268185278842165,1.5,330.0632217603189,0.0642320987973512,10.0,165.12170661467803,0.8851559197405185,1.0,34.539237173528846,0.2639383584806335,1.0,74.43245983044241,0.0253394641063646,10.0,1.0,1.0,1.0,1.0,1.0,1.0,0.0,1.0,1.0,7.0,6.0,2.0,2.0,10.0,4.0,3.0,8.0,1.0
