discount rate 0,discount rate 1,discount rate 2,A.0_ID flood wave shape,A.1_Bmax,A.1_pfail,A.1_Brate,A.2_Bmax,A.2_pfail,A.2_Brate,A.3_Bmax,A.3_pfail,A.3_Brate,A.4_Bmax,A.4_pfail,A.4_Brate,A.5_Bmax,A.5_pfail,A.5_Brate,0_RfR 0,0_RfR 1,0_RfR 2,1_RfR 0,1_RfR 1,1_RfR 2,2_RfR 0,2_RfR 1,2_RfR 2,A.1_DikeIncrease 0,A.1_DikeIncrease 1,A.1_DikeIncrease 2,A.2_DikeIncrease 0,A.2_DikeIncrease 1,A.2_DikeIncrease 2,A.3_DikeIncrease 0,A.3_DikeIncrease 1,A.3_DikeIncrease 2
4.5,2.5,2.5,125.0,140.86516314584048,0.600513043769913,1.0,202.6386287991024,0.031841765701616,1.5,78.23782798670248,0.8738371115041745,1.5,314.24103867420087,0.6033775044982499,10.0,170.21522048612812,0.2805006899558374,1.5,1.0,1.0,0.0,1.0,1.0,1.0,1.0,1.0,0.0,10.0,6.0,10.0,0.0,1.0,1.0,3.0,4.0,9.0
3.5,4.5,4.5,87.0,272.6132443898071,0.1705161757143645,1.5,80.06743107184843,0.3536764243591955,1.5,255.18729450230336,0.6205541845666219,1.0,345.3270190958353,0.243055735361829,1.5,58.76240673318557,0.4045186708029523,1.0,1.0,1.0,0.0,1.0,1.0,1.0,0.0,0.0,0.0,5.0,8.0,6.0,8.0,2.0,10.0,8.0,2.0,10.0
4.5,4.5,3.5,81.0,253.38378001978816,0.5540606579295347,10.0,323.00158535805576,0.0448945155332235,1.5,70.95525673808714,0.7990292747147176,1.5,225.77363664898388,0.0596645455660101,1.0,215.61051559971983,0.8008310358043363,1.0,0.0,1.0,0.0,0.0,1.0,0.0,0.0,1.0,0.0,8.0,10.0,3.0,9.0,6.0,4.0,7.0,3.0,4.0
3.5,1.5,2.5,128.0,263.2102919306159,0.1574989605553352,1.0,297.25027720076304,0.623620818782056,10.0,284.18675037114804,0.8877524261415102,10.0,293.28356057429,0.9920261252153856,10.0,120.83775004418048,0.3356397743376432,10.0,0.0,0.0,0.0,1.0,0.0,1.0,0.0,0.0,1.0,6.0,3.0,2.0,3.0,10.0,1.0,4.0,0.0,1.0
3.5,2.5,3.5,123.0,114.91151493470262,0.8789127251644235,1.5,332.32080279552474,0.8979076678216529,1.0,208.0847250162848,0.5729774955574984,10.0,145.53569287390795,0.9128545969478702,10.0,114.81586425213004,0.0164616688960415,1.5,0.0,1.0,1.0,1.0,0.0,0.0,0.0,1.0,1.0,4.0,0.0,4.0,1.0,0.0,7.0,9.0,3.0,6.0
1.5,1.5,1.5,74.0,209.86914471325107,0.0459589638762318,1.0,277.0353301945117,0.02505776154137,10.0,242.2220601465534,0.7516547618682773,1.0,228.69808423007944,0.5654927576344008,10.0,273.3692283939159,0.0069755480995318,1.5,0.0,1.0,0.0,1.0,1.0,0.0,1.0,1.0,0.0,6.0,7.0,10.0,10.0,10.0,1.0,3.0,0.0,3.0
