discount rate 0,discount rate 1,discount rate 2,A.0_ID flood wave shape,A.1_Bmax,A.1_pfail,A.1_Brate,A.2_Bmax,A.2_pfail,A.2_Brate,A.3_Bmax,A.3_pfail,A.3_Brate,A.4_Bmax,A.4_pfail,A.4_Brate,A.5_Bmax,A.5_pfail,A.5_Brate,0_RfR 0,0_RfR 1,0_RfR 2,1_RfR 0,1_RfR 1,1_RfR 2,2_RfR 0,2_RfR 1,2_RfR 2,A.1_DikeIncrease 0,A.1_DikeIncrease 1,A.1_DikeIncrease 2,A.2_DikeIncrease 0,A.2_DikeIncrease 1,A.2_DikeIncrease 2,A.3_DikeIncrease 0,A.3_DikeIncrease 1,A.3_DikeIncrease 2
4.5,3.5,4.5,91.0,316.86471202055947,0.2846384020135381,1.5,281.4414223261657,0.8429741231716401,1.0,231.23356389873032,0.242677734578708,1.0,322.7115356532213,0.0534925804141738,1.5,121.87562024640008,0.8024752065526638,1.5,0.0,1.0,1.0,0.0,0.0,0.0,0.0,1.0,1.0,2.0,7.0,0.0,10.0,1.0,5.0,5.0,4.0,9.0
3.5,4.5,2.5,9.0,332.84235385700754,0.9743733765122118,10.0,54.91498964599548,0.0918717896725868,1.5,100.48198514886042,0.6659051393405184,10.0,134.95190505781937,0.64407020319394,1.0,237.79525037405296,0.9475037356119234,10.0,0.0,0.0,0.0,1.0,0.0,0.0,1.0,1.0,1.0,4.0,3.0,4.0,7.0,2.0,6.0,10.0,2.0,0.0
1.5,2.5,2.5,1.0,338.1376807309004,0.8025979275769196,1.5,307.9462560075934,0.7596163815940142,1.0,160.40610980351636,0.6775296841486149,1.0,282.38228639518775,0.1206045617073319,1.0,305.9480607102506,0.0183673729513723,1.0,1.0,0.0,0.0,0.0,1.0,1.0,1.0,0.0,0.0,8.0,4.0,4.0,3.0,6.0,9.0,10.0,8.0,9.0
