hypervolume,epsilon_progress,nfe
0.0,0,0
0.6615862203933776,3,100
0.6618498382884775,7,399
0.6618498474542015,10,696
0.6618498474542015,10,989
0.6621081075254093,13,1282
0.6623422030252715,15,1564
0.662342206197009,16,1853
0.6623663847727681,18,2144
0.6623663847727681,18,2411
0.6623663847727681,18,2680
0.6623663847727681,18,2919
0.6623663847727681,18,3147
0.6623663847727681,18,3387
0.6623663847727681,18,3621
0.6623663847727681,18,3866
