hypervolume,epsilon_progress,nfe
0.0,0,0
0.07906816987724959,13,100
0.08792265905055302,20,399
0.08956145803033812,27,694
0.06630498912024897,32,991
0.048634348749660106,37,1277
0.048634348749660106,38,1564
0.048634348749660106,38,1833
0.048634348749660106,38,2106
0.048634348749660106,38,2382
