hypervolume,epsilon_progress,nfe
0.0,0,0
0.8359509840769656,7,100
0.8621065729149839,8,300
0.8621065729149839,8,597
0.8623764046520651,10,886
0.8623764046520651,10,1174
0.8623764046520651,10,1464
0.8623764046520651,10,1723
0.8623764046520651,10,1937
0.8623764046520651,10,2138
0.8623764046520651,10,2349
0.8623764046520651,10,2554
0.8623764046520651,10,2756
0.8623764046520651,10,2986
0.8623764046520651,10,3206
0.8623764046520651,10,3431
