hypervolume,epsilon_progress,nfe
0.0,0,0
0.3875855789821421,9,100
0.4090045231932715,24,399
0.42243705081987265,32,695
0.43021606229310966,35,991
0.43423461844269706,39,1282
0.4319690355615208,40,1552
0.4319690355615208,40,1809
0.4319690355615208,40,2060
0.4319690355615208,40,2334
