hypervolume,epsilon_progress,nfe
0.0,0,0
0.6576891581259745,8,100
0.6691792141486791,13,397
0.6765905577287334,16,693
0.6801373868751277,17,982
0.6801403418578655,18,1247
0.6801403418578655,18,1483
0.6801403418578655,18,1694
0.6801403418578655,18,1939
0.6801403418578655,18,2198
0.6801403418578655,18,2437
