hypervolume,epsilon_progress,nfe
0.0,0,0
0.3904796770111786,8,100
0.39962379545913534,13,300
0.41118778263361216,29,595
0.4343584829960695,36,889
0.4340210802815351,40,1089
0.4322324131721883,42,1374
0.4322324131721883,42,1641
0.4322324131721883,42,1908
0.4322324131721883,42,2174
0.4322324131721883,42,2438
0.4322324131721883,42,2699
0.4322324131721883,42,2961
0.4322324131721883,42,3221
0.4322324131721883,42,3484
