hypervolume,epsilon_progress,nfe
0.0,0,0
0.07780674031962555,14,100
0.08885571114226101,21,397
0.08309596443355721,28,693
0.0746918392602535,34,986
0.04728398542241403,38,1271
0.04728398542241403,40,1542
0.04728398542241403,40,1805
0.04728398542241403,40,2072
0.04728398542241403,40,2347
0.04728398542241403,40,2632
0.04728398542241403,40,2911
0.04728398542241403,40,3181
0.04728398542241403,40,3450
