hypervolume,epsilon_progress,nfe
0.0,0,0
0.6562063387561315,5,100
0.6617885947974551,7,300
0.6746965237523241,11,500
0.6765899774737112,13,700
0.6801403418578655,15,994
0.6801403418578655,15,1275
0.6801403418578655,15,1507
0.6801403418578655,15,1732
0.6801403418578655,15,1990
0.6801403418578655,15,2253
0.6801403418578655,15,2508
0.6801403418578655,15,2767
0.6801403418578655,15,3023
0.6801403418578655,15,3283
