hypervolume,epsilon_progress,nfe
0.0,0,0
0.05713312731446059,7,100
0.08171056205569402,14,300
0.07110701998666571,21,500
0.0705846833963743,28,798
0.08835730248967014,33,1093
0.07672440486938545,37,1380
0.0451175636001422,38,1651
0.0451175636001422,38,1917
0.0451175636001422,38,2186
0.0451175636001422,38,2459
0.0451175636001422,38,2732
