3_RfR 0,3_RfR 1,3_RfR 2,4_RfR 0,4_RfR 1,4_RfR 2,EWS_DaysToThreat,A.4_DikeIncrease 0,A.4_DikeIncrease 1,A.4_DikeIncrease 2,Deventer Expected Annual Damage,Deventer Expected Number of Deaths,Deventer Total Costs
1,1,1,0,0,0,0,0,0,0,515153772.1269314,0.3174738812028014,0.0
1,1,1,0,0,0,1,0,0,0,515153772.1269314,0.1142905972330085,13573.576437459284
1,1,1,0,0,0,2,0,0,0,515153772.1269314,0.047621082180420216,22534.25775750076
1,1,1,0,0,0,3,0,0,0,515153772.1269314,0.03809686574433616,27995.501402259764
