3_RfR 0,3_RfR 1,3_RfR 2,4_RfR 0,4_RfR 1,4_RfR 2,EWS_DaysToThreat,A.4_DikeIncrease 0,A.4_DikeIncrease 1,A.4_DikeIncrease 2,Deventer Expected Annual Damage,Deventer Expected Number of Deaths,Total Costs of Policies
0,0,1,0,0,0,0,0,0,0,650706947.5130535,0.5706972683027814,1570448125.253643
0,1,1,0,0,0,0,0,0,0,427618931.6836552,0.36943837556323555,1691648125.253643
1,1,1,0,0,0,0,0,0,0,212816251.3260864,0.18442151044811594,1812848125.253643
0,0,0,0,0,0,0,0,0,0,1023276472.9563597,0.9041747003661993,1449248125.253643
