3_RfR 0,3_RfR 1,3_RfR 2,4_RfR 0,4_RfR 1,4_RfR 2,EWS_DaysToThreat,A.4_DikeIncrease 0,A.4_DikeIncrease 1,A.4_DikeIncrease 2,Deventer Expected Annual Damage,Deventer Expected Number of Deaths,Total Costs of Policies
0,0,1,0,0,0,0,0,0,0,636486264.5911217,0.5599844192199179,1570448125.253643
1,0,1,0,0,0,0,0,0,0,366265518.2421174,0.3192171067292629,1691648125.253643
0,0,0,0,0,0,0,0,0,0,1035779214.4057164,0.9148721807994159,1449248125.253643
1,1,1,0,0,0,0,0,0,0,211758138.78013325,0.18249170139759574,1812848125.253643
