3_RfR 0,3_RfR 1,3_RfR 2,4_RfR 0,4_RfR 1,4_RfR 2,EWS_DaysToThreat,A.4_DikeIncrease 0,A.4_DikeIncrease 1,A.4_DikeIncrease 2,Deventer Expected Annual Damage,Deventer Expected Number of Deaths,Deventer Total Costs
1,1,1,0,0,0,1,8,10,9,349375140.087844,0.08622046039102602,9607.96770691051
1,1,1,0,0,0,3,4,2,2,349375140.087844,0.028740153463675346,19816.43339550292
1,1,1,0,0,0,2,8,8,4,349375140.087844,0.03592519182959418,15950.727638425647
1,1,1,0,0,0,0,8,1,2,349375140.087844,0.23950127886396122,0.0
