3_RfR 0,3_RfR 1,3_RfR 2,4_RfR 0,4_RfR 1,4_RfR 2,EWS_DaysToThreat,A.4_DikeIncrease 0,A.4_DikeIncrease 1,A.4_DikeIncrease 2,Deventer Expected Annual Damage,Deventer Expected Number of Deaths,Total Costs of Policies
1,0,0,0,0,0,0,0,0,0,675313014.6286073,0.5900504486013838,1570448125.253643
1,1,0,0,0,0,0,0,0,0,388782005.40888137,0.33829141843295946,1691648125.253643
0,0,0,0,0,0,0,0,0,0,1024621873.2473702,0.905295931034535,1449248125.253643
1,1,1,0,0,0,0,0,0,0,207404743.3413307,0.17897707570273652,1812848125.253643
