3_RfR 0,3_RfR 1,3_RfR 2,4_RfR 0,4_RfR 1,4_RfR 2,EWS_DaysToThreat,A.4_DikeIncrease 0,A.4_DikeIncrease 1,A.4_DikeIncrease 2,Deventer Expected Annual Damage,Deventer Expected Number of Deaths,Total Costs of Policies
0,0,1,0,0,0,0,0,0,0,7769418.380291973,0.006440182516422077,1123692666.9187167
0,0,0,0,0,0,0,0,0,0,64862763.66614574,0.053960006457237364,1002492666.9187167
1,0,1,0,0,0,0,0,0,0,0.0,0.0,1244892666.918717
