discount rate 0,discount rate 1,discount rate 2,A.0_ID flood wave shape,A.1_Bmax,A.1_pfail,A.1_Brate,A.2_Bmax,A.2_pfail,A.2_Brate,A.3_Bmax,A.3_pfail,A.3_Brate,A.4_Bmax,A.4_pfail,A.4_Brate,A.5_Bmax,A.5_pfail,A.5_Brate,0_RfR 0,0_RfR 1,0_RfR 2,1_RfR 0,1_RfR 1,1_RfR 2,2_RfR 0,2_RfR 1,2_RfR 2,A.1_DikeIncrease 0,A.1_DikeIncrease 1,A.1_DikeIncrease 2,A.2_DikeIncrease 0,A.2_DikeIncrease 1,A.2_DikeIncrease 2,A.3_DikeIncrease 0,A.3_DikeIncrease 1,A.3_DikeIncrease 2
1.5,1.5,3.5,99.0,208.92351297643302,0.09425006298757413,1.0,197.5681922959312,0.3155746400471081,1.5,235.0703095492704,0.30785268498260665,1.5,177.98294949839627,0.2677486456062021,1.5,58.4953145698659,0.30472611435357244,1.5,0.0,0.0,1.0,1.0,1.0,1.0,1.0,1.0,0.0,5.0,5.0,10.0,4.0,5.0,1.0,2.0,1.0,7.0
3.5,1.5,2.5,24.0,249.50615737163398,0.974981988268118,10.0,313.8205871380025,0.6640365227861261,1.0,246.5512598292116,0.5159157574006076,1.5,289.9251311499923,0.11212979744816008,1.0,211.95062426964213,0.37451582386971455,1.5,1.0,0.0,1.0,1.0,0.0,1.0,0.0,1.0,0.0,2.0,5.0,4.0,10.0,2.0,8.0,1.0,6.0,10.0
2.5,3.5,1.5,97.0,89.18122561236531,0.5371036725815486,1.5,217.7647474440824,0.436129379672279,1.5,290.85414358369684,0.13123604614892076,10.0,325.95191116314663,0.648212794244384,1.0,203.5350321092461,0.04335816679769896,1.0,1.0,0.0,0.0,1.0,0.0,1.0,1.0,0.0,0.0,1.0,8.0,4.0,0.0,9.0,5.0,4.0,4.0,10.0
