discount rate 0,discount rate 1,discount rate 2,A.0_ID flood wave shape,A.1_Bmax,A.1_pfail,A.1_Brate,A.2_Bmax,A.2_pfail,A.2_Brate,A.3_Bmax,A.3_pfail,A.3_Brate,A.4_Bmax,A.4_pfail,A.4_Brate,A.5_Bmax,A.5_pfail,A.5_Brate,0_RfR 0,0_RfR 1,0_RfR 2,1_RfR 0,1_RfR 1,1_RfR 2,2_RfR 0,2_RfR 1,2_RfR 2,A.1_DikeIncrease 0,A.1_DikeIncrease 1,A.1_DikeIncrease 2,A.2_DikeIncrease 0,A.2_DikeIncrease 1,A.2_DikeIncrease 2,A.3_DikeIncrease 0,A.3_DikeIncrease 1,A.3_DikeIncrease 2
1.5,2.5,3.5,49.0,346.6251581967181,0.3048769617966863,10.0,278.0673085873228,0.8439077855723179,1.0,309.1658881804916,0.337302992020598,1.5,247.9332482039645,0.148096901683702,1.5,324.8189405156966,0.2174195207367213,1.0,1.0,1.0,0.0,1.0,0.0,0.0,0.0,1.0,0.0,9.0,10.0,8.0,3.0,5.0,6.0,4.0,0.0,0.0
1.5,2.5,1.5,80.0,271.62605721041245,0.0330671184110708,1.0,324.1601932154169,0.8405530249197698,10.0,169.59143336628537,0.1196551299256671,1.0,336.30357199768684,0.184251683313214,1.0,282.7044123900471,0.9858823033904436,10.0,0.0,0.0,0.0,0.0,0.0,0.0,1.0,0.0,1.0,6.0,8.0,6.0,2.0,1.0,6.0,3.0,8.0,3.0
2.5,3.5,2.5,48.0,335.82159999848403,0.0683465877183661,1.5,155.95655784189177,0.0012559459580685,10.0,337.3530952690871,0.4369713345582095,1.5,162.5149025711782,0.7362478852048777,1.0,257.3849905947557,0.0163471853056286,1.5,0.0,1.0,1.0,1.0,1.0,1.0,0.0,1.0,0.0,0.0,8.0,9.0,10.0,7.0,9.0,3.0,1.0,0.0
